transformer_id,H2,CH4,C2H6,C2H4,C2H2,fault_description,fault_class
1,1634.0,136.0,7.0,1.0,0.0,PD,PD
2,108.9,2.48,16.6,16.62,0.0,T1 - Unsatisfactory insulation of electrical steel sheets,T1
3,50.0,4.8,5.2,23.0,1.1,Critical PD - Loose nut on LV winding lead with bushing stud,PD
4,169.0,22.0,1.0,0.001,0.0,Corona discharge,OTHER_DISCHARGE
5,60.0,28.2,6.5,59.6,17.1,High intensity spark discharge. Inspection revealed a mechanical break in the C phase,OTHER_DISCHARGE
6,45.0,30.0,13.0,30.0,18.0,Sustained developed PD with overlapping on the surface of the solid insulation,PD
7,160.0,90.0,14.0,140.0,100.0,Extensive traces of creeping discharges on the surface and in the thickness of the main insulation,OTHER_DISCHARGE
8,2000.0,210.0,60.0,270.0,1340.0,D2 - Broken switch current lead,D2
9,30.0,800.0,170.0,10.0,0.0,T1 - Heating of the pressing bolts by leakage currents,T1
10,13.0,131.0,37.0,5.0,0.2,T1 - Loose pressing of the magnetic core,T1
11,40.0,66.0,35.0,56.0,0.0,T2 - Increased heating of the bolt connections,T2
12,17.1,102.0,161.0,28.5,0.8,T1 - Presence of short-circuited circuit,T1
13,20.0,100.0,7000.0,200.0,10.0,"T1 - Contamination of pipes and inter-tube space, clogged cooler pipes",T1
14,10.0,30.0,520.0,120.0,130.0,Spark discharge accompanied by heating up to 300 C. Inspection revealed a bad contact in the lower part of the HV winding,OTHER_DISCHARGE
15,47.3,181.0,81.0,415.0,18.6,T3 - Overheating of the iron due to faulty circulation of currents in the core,T3
16,104.5,144.5,15.6,178.8,5.6,T3 - Thermal defect caused by faulty connections,T3
17,52.0,45.0,22.0,180.0,11.0,Overheating caused by a short circuit on the magnetic core. Discharge traces,MIXED_UNSPECIFIED
18,870.0,1100.0,191.0,1907.0,191.0,Traces of abnormal heating and discharges,MIXED_UNSPECIFIED
19,65.2,42.7,18.3,165.3,88.4,T3 and D2 - The tensioned stud having signs of arcing discharges at the ends,T3+D2
20,525.0,109.0,113.0,527.0,420.0,T3 and D2 - Arc in the yoke beam of the top of the transformer,T3+D2
21,120.0,79.0,50.0,390.0,8100.0,D2 - Loosening of the nut on the LV winding bushing stud,D2
22,60.0,140.0,60.0,60.0,250.0,T2 and D1 - Contact between top bracket and tank rail with traces of molten metal,T2+D1
23,160.0,24.0,6.0,150.0,400.0,D2 - Breakdown of the winding insulation,D2
24,940.0,730.0,250.0,2280.0,2470.0,D2,D2
25,245.0,30.0,5.0,35.0,245.0,D2 - Electrical overlap between windings along the resistance rail was detected,D2
