sample_id,H2,CH4,C2H6,C2H4,C2H2,source_fault_label,fault_class
DGA-0001,1458.0,9.0,1812.0,0.0001,0.0001,局部放电,PD
DGA-0002,2240.0,157.0,90.0,157.0,45.0,局部放电,PD
DGA-0003,73.0,8.0,4.0,2.0,12.0,局部放电,PD
DGA-0004,235.0,16.0,0.0001,35.0,0.0001,局部放电,PD
DGA-0005,9340.0,995.0,60.0,6.0,7.0,局部放电,PD
DGA-0006,33046.0,619.0,58.0,2.0,0.0001,局部放电,PD
DGA-0007,8266.0,1061.0,22.0,0.0001,0.0001,局部放电,PD
DGA-0008,230.0,15.9,16.3,1.9,2.4,局部放电,PD
DGA-0009,109.0,16.0,0.0001,0.0001,0.0001,局部放电,PD
DGA-0010,113.0,21.0,48.0,0.0001,4.0,局部放电,PD
DGA-0011,1309.0,124.0,113.0,6.0,0.0001,局部放电,PD
DGA-0012,1549.2,10.2,0.0001,53.19,0.0001,局部放电,PD
DGA-0013,101.0,8.1,0.0001,3.0,0.0001,局部放电,PD
DGA-0014,36036.0,4704.0,554.0,5.0,10.0,局部放电,PD
DGA-0015,1076.0,95.0,4.0,71.0,231.0,局部放电,PD
DGA-0016,407.0,28.0,15.0,21.0,0.0001,局部放电,PD
DGA-0017,2240.0,560.0,380.0,450.0,940.0,局部放电,PD
DGA-0018,92600.0,10200.0,1.0,2.0,0.0001,局部放电,PD
DGA-0019,2587.2,112.25,4.704,1.4,0.0001,局部放电,PD
DGA-0020,195.9,14.5,11.6,2.4,0.0001,局部放电,PD
DGA-0021,180.85,0.574,0.234,0.188,0.0001,局部放电,PD
DGA-0022,4480.0,560.0,380.0,403.0,896.0,局部放电,PD
DGA-0023,1651.0,90.0,33.0,45.0,2.0,局部放电,PD
DGA-0024,980.0,73.0,58.0,12.0,0.0001,局部放电,PD
DGA-0025,6600.0,1000.0,38.0,2.0,19.0,局部放电,PD
DGA-0026,56.0,61.0,75.0,32.0,31.0,局部放电,PD
DGA-0027,2240.0,168.0,25.0,0.0001,0.0001,局部放电,PD
DGA-0028,92600.0,10200.0,0.0001,0.0001,0.0001,局部放电,PD
DGA-0029,24.3,15.7,6.4,11.2,29.8,局部放电,PD
DGA-0030,485.0,35.0,29.0,6.0,0.0001,局部放电,PD
DGA-0031,109.0,4.0,11.0,9.0,0.0001,局部放电,PD
DGA-0032,16000.0,4000.0,500.0,8500.0,16000.0,局部放电,PD
DGA-0033,2031.0,149.0,20.0,3.0,0.0001,局部放电,PD
DGA-0034,870.0,77.0,73.0,54.0,14.0,局部放电,PD
DGA-0035,106.0,4.0,2.0,1.0,0.0001,局部放电,PD
DGA-0036,32930.0,2397.0,157.0,0.0001,0.0001,局部放电,PD
DGA-0037,197.0,12.0,6.6,15.0,0.0001,局部放电,PD
DGA-0038,117.0,17.0,1.0,3.0,1.0,局部放电,PD
DGA-0039,160.0,24.7,38.5,0.0001,0.0001,局部放电,PD
DGA-0040,134.0,13.0,156.0,0.0001,0.0001,局部放电,PD
DGA-0041,166.0,21.0,38.0,6.0,0.0001,局部放电,PD
DGA-0042,183.0,6.0,0.0001,5.0,0.0001,局部放电,PD
DGA-0043,2240.0,157.0,90.0,45.0,45.0,局部放电,PD
DGA-0044,6454.0,2313.0,121.0,2159.0,6432.0,低能放电,D1
DGA-0045,65.2,20.0,3.9,8.13,25.1,低能放电,D1
DGA-0046,143.0,5.8,16.0,10.6,26.3,低能放电,D1
DGA-0047,30.1,17.1,2.2,5.5,30.1,低能放电,D1
DGA-0048,120.0,25.0,1.0,8.0,40.0,低能放电,D1
DGA-0049,137.0,6.0,11.4,6.4,16.5,低能放电,D1
DGA-0050,23.0,63.0,54.0,10.0,0.3,低能放电,D1
DGA-0051,4879.0,262.0,15.0,332.0,1827.0,低能放电,D1
DGA-0052,301.0,5.78,4.7,9.7,5.0,低能放电,D1
DGA-0053,716.0,7.1,3.3,20.0,6.8,低能放电,D1
DGA-0054,289.0,13.4,18.2,49.8,36.3,低能放电,D1
DGA-0055,179.0,29.0,10.0,17.0,33.0,低能放电,D1
DGA-0056,2177.0,1049.0,207.0,440.0,705.0,低能放电,D1
DGA-0057,7600.0,1230.0,318.0,836.0,1560.0,低能放电,D1
DGA-0058,543.0,120.0,41.0,411.0,1880.0,低能放电,D1
DGA-0059,186.0,38.3,13.0,37.0,85.9,低能放电,D1
DGA-0060,4.1,3.5,0.68,1.2,5.2,低能放电,D1
DGA-0061,210.0,22.0,6.0,6.0,7.0,低能放电,D1
DGA-0062,254.0,5.2,0.0001,9.3,88.0,低能放电,D1
DGA-0063,385.0,28.8,50.0,82.3,171.0,低能放电,D1
DGA-0064,843.0,133.0,12.0,168.0,385.0,低能放电,D1
DGA-0065,208.0,7.6,27.5,9.7,14.4,低能放电,D1
DGA-0066,65.5,23.3,1.0,2.1,26.0,低能放电,D1
DGA-0067,35.0,6.0,3.0,26.0,482.0,低能放电,D1
DGA-0068,3559.0,187.0,22.0,230.0,1140.0,低能放电,D1
DGA-0069,10092.0,5399.0,530.0,6500.0,37565.0,低能放电,D1
DGA-0070,1900.0,285.0,31.0,957.0,7730.0,低能放电,D1
DGA-0071,225.0,4.7,0.0001,8.7,89.0,低能放电,D1
DGA-0072,78.0,20.0,11.0,13.0,28.0,低能放电,D1
DGA-0073,266.0,30.2,4.9,26.2,60.2,低能放电,D1
DGA-0074,645.0,86.0,13.0,110.0,317.0,低能放电,D1
DGA-0075,119.0,8.0,23.3,7.9,12.3,低能放电,D1
DGA-0076,57.0,24.0,2.0,27.0,30.0,低能放电,D1
DGA-0077,14.2,4.0,1.4,1.5,9.51,低能放电,D1
DGA-0078,818.0,94.0,49.0,121.0,978.0,低能放电,D1
DGA-0079,115.0,25.5,110.0,12.2,8.6,低能放电,D1
DGA-0080,205.0,20.0,8.0,0.0001,6.0,低能放电,D1
DGA-0081,101.72,27.65,7.13,16.92,53.87,低能放电,D1
DGA-0082,135.0,27.0,24.0,9.0,13.0,低能放电,D1
DGA-0083,47.5,22.9,4.5,9.6,15.3,低能放电,D1
DGA-0084,6870.0,1028.0,79.0,900.0,5500.0,低能放电,D1
DGA-0085,119.0,8.0,20.0,0.0001,21.0,低能放电,D1
DGA-0086,60.0,10.0,4.0,4.0,4.0,低能放电,D1
DGA-0087,385.0,60.0,8.0,53.0,159.0,低能放电,D1
DGA-0088,5.26,0.0001,0.0001,28.2,66.4,低能放电,D1
DGA-0089,2510.0,202.0,139.0,208.0,1730.0,低能放电,D1
DGA-0090,650.0,81.0,170.0,51.0,270.0,低能放电,D1
DGA-0091,153.0,18.0,9.0,0.0001,278.0,低能放电,D1
DGA-0092,1790.0,580.0,321.0,336.0,619.0,低能放电,D1
DGA-0093,256.0,8.0,37.4,15.0,21.1,低能放电,D1
DGA-0094,60.0,10.0,0.0001,11.0,39.0,低能放电,D1
DGA-0095,151.0,13.5,50.7,5.0,9.2,低能放电,D1
DGA-0096,9.0,3.9,0.8,4.0,13.0,低能放电,D1
DGA-0097,305.0,100.0,33.0,161.0,541.0,低能放电,D1
DGA-0098,176.0,652.9,47.7,75.7,68.7,低能放电,D1
DGA-0099,87.0,34.0,23.0,15.0,60.0,高能放电,D2
DGA-0100,220.0,77.0,22.0,170.0,240.0,高能放电,D2
DGA-0101,155.0,49.0,69.3,42.0,10.7,高能放电,D2
DGA-0102,137.0,67.0,7.0,53.0,104.0,高能放电,D2
DGA-0103,63.0,22.0,15.0,11.0,76.0,高能放电,D2
DGA-0104,292.0,346.0,32.0,313.0,196.0,高能放电,D2
DGA-0105,217.0,286.0,14.0,458.0,884.0,高能放电,D2
DGA-0106,13500.0,6110.0,212.0,4510.0,4040.0,高能放电,D2
DGA-0107,88.5,22.8,108.4,12.0,7.5,高能放电,D2
DGA-0108,50.0,42.0,98.0,10.0,33.0,高能放电,D2
DGA-0109,60.0,5.0,2.0,21.0,32.0,高能放电,D2
DGA-0110,25.0,9.0,6.0,5.0,44.0,高能放电,D2
DGA-0111,37.9,7.7,2.16,18.4,33.7,高能放电,D2
DGA-0112,18.34,16.26,3.38,17.95,16.42,高能放电,D2
DGA-0113,1084.0,188.0,8.0,166.0,769.0,高能放电,D2
DGA-0114,497.0,230.0,51.0,151.0,122.0,高能放电,D2
DGA-0115,32.4,5.5,1.4,12.6,13.2,高能放电,D2
DGA-0116,19.0,12.0,2.0,8.0,63.0,高能放电,D2
DGA-0117,210.0,43.0,12.0,102.0,187.0,高能放电,D2
DGA-0118,26.0,68.0,93.0,31.0,59.0,高能放电,D2
DGA-0119,114.0,41.0,27.0,15.0,42.0,高能放电,D2
DGA-0120,7150.0,1440.0,97.0,1210.0,1760.0,高能放电,D2
DGA-0121,1607.0,615.0,80.0,916.0,1294.0,高能放电,D2
DGA-0122,46.0,20.0,14.0,10.0,42.0,高能放电,D2
DGA-0123,1027.0,185.0,17.0,271.0,399.0,高能放电,D2
DGA-0124,37.0,11.8,15.5,43.6,83.3,高能放电,D2
DGA-0125,200.0,48.0,14.0,117.0,131.0,高能放电,D2
DGA-0126,392.0,153.0,82.0,45.0,236.0,高能放电,D2
DGA-0127,12.4,6.5,15.3,69.0,15.0,高能放电,D2
DGA-0128,71.0,151.0,9.0,89.0,412.0,高能放电,D2
DGA-0129,127.0,24.0,0.0001,32.0,81.0,高能放电,D2
DGA-0130,800.0,160.0,23.0,260.0,600.0,高能放电,D2
DGA-0131,212.0,38.0,15.0,47.0,78.0,高能放电,D2
DGA-0132,8200.0,3790.0,250.0,4620.0,277.0,高能放电,D2
DGA-0133,2800.0,2800.0,234.0,3500.0,3600.0,高能放电,D2
DGA-0134,195.7,58.0,16.4,91.6,96.9,高能放电,D2
DGA-0135,235.0,39.45,9.63,210.0,257.0,高能放电,D2
DGA-0136,441.0,207.0,43.0,224.0,261.0,高能放电,D2
DGA-0137,110.0,62.0,90.0,140.0,250.0,高能放电,D2
DGA-0138,88.0,21.8,79.2,41.2,41.5,高能放电,D2
DGA-0139,531.0,111.9,22.7,122.5,169.0,高能放电,D2
DGA-0140,9474.0,4066.0,353.0,6552.0,12997.0,高能放电,D2
DGA-0141,152.0,116.0,7.0,131.0,414.0,高能放电,D2
DGA-0142,150.0,130.0,9.0,55.0,30.0,高能放电,D2
DGA-0143,75.0,15.0,7.0,14.0,250.0,高能放电,D2
DGA-0144,43.0,19.0,3.0,0.0001,40.0,高能放电,D2
DGA-0145,1114.0,719.0,188.0,1217.0,699.0,高能放电,D2
DGA-0146,35.0,11.0,0.0001,7.0,146.0,高能放电,D2
DGA-0147,629.0,402.0,16.0,298.0,1127.0,高能放电,D2
DGA-0148,7940.0,2000.0,355.0,3120.0,5390.0,高能放电,D2
DGA-0149,7020.0,1850.0,0.0001,2960.0,4410.0,高能放电,D2
DGA-0150,151.0,51.0,16.0,12.0,19.0,高能放电,D2
DGA-0151,2.0,41.0,133.0,9.0,21.0,高能放电,D2
DGA-0152,75.5,30.2,2.33,30.3,18.2,高能放电,D2
DGA-0153,17.0,42.0,192.0,12.0,20.0,高能放电,D2
DGA-0154,156.0,55.0,103.0,13.0,16.0,高能放电,D2
DGA-0155,21.0,34.0,5.0,47.0,62.0,高能放电,D2
DGA-0156,64.0,18.0,1.0,4.0,122.0,高能放电,D2
DGA-0157,25.0,28.0,27.0,15.0,80.0,高能放电,D2
DGA-0158,2770.0,660.0,54.0,712.0,763.0,高能放电,D2
DGA-0159,4419.0,3564.0,668.0,2861.0,2025.0,高能放电,D2
DGA-0160,1500.0,395.0,28.0,395.0,323.0,高能放电,D2
DGA-0161,10.0,15.0,0.0001,0.0001,35.0,高能放电,D2
DGA-0162,1570.0,1110.0,175.0,1780.0,1830.0,高能放电,D2
DGA-0163,22.0,14.0,19.0,6.0,56.0,高能放电,D2
DGA-0164,1249.0,370.0,56.0,606.0,1371.0,高能放电,D2
DGA-0165,1900.0,530.0,35.0,383.0,434.0,高能放电,D2
DGA-0166,5900.0,1500.0,68.0,1200.0,2300.0,高能放电,D2
DGA-0167,3700.0,1690.0,128.0,2810.0,3270.0,高能放电,D2
DGA-0168,75.0,5.0,31.0,69.0,36.0,高能放电,D2
DGA-0169,323.0,115.0,7.0,130.0,446.0,高能放电,D2
DGA-0170,127.0,107.0,11.0,154.0,224.0,高能放电,D2
DGA-0171,3090.0,5020.0,323.0,3800.0,2540.0,高能放电,D2
DGA-0172,48.0,20.0,69.0,41.0,31.0,高能放电,D2
DGA-0173,60.0,5.0,2.0,21.0,21.0,高能放电,D2
DGA-0174,30.0,14.0,1.0,9.0,43.0,高能放电,D2
DGA-0175,1170.0,255.0,18.0,312.0,325.0,高能放电,D2
DGA-0176,858.0,1324.0,208.0,2793.0,7672.0,高能放电,D2
DGA-0177,14.3,92.6,83.9,16.7,26.8,高能放电,D2
DGA-0178,57.0,148.0,197.0,72.0,42.0,高能放电,D2
DGA-0179,260.0,215.0,35.0,334.0,277.0,高能放电,D2
DGA-0180,215.0,84.8,87.7,1002.0,212.0,高能放电,D2
DGA-0181,440.0,89.0,19.0,304.0,757.0,高能放电,D2
DGA-0182,77.0,36.0,27.0,18.0,76.0,高能放电,D2
DGA-0183,60.0,85.0,5.0,67.0,227.0,高能放电,D2
DGA-0184,594.0,230.0,44.0,130.0,102.0,高能放电,D2
DGA-0185,1820.0,405.0,35.0,365.0,634.0,高能放电,D2
DGA-0186,123.0,50.7,9.0,62.0,65.9,高能放电,D2
DGA-0187,90.0,28.0,8.0,31.0,32.0,高能放电,D2
DGA-0188,26.6,4.0,0.0001,8.0,50.0,高能放电,D2
DGA-0189,46.0,21.0,1.0,11.0,93.0,高能放电,D2
DGA-0190,13.0,3.0,1.0,3.0,6.0,高能放电,D2
DGA-0191,305.0,85.0,25.0,197.0,130.0,高能放电,D2
DGA-0192,75.0,15.0,7.0,14.0,26.0,高能放电,D2
DGA-0193,0.0001,21.0,0.0001,0.0001,40.0,高能放电,D2
DGA-0194,88.0,45.0,57.0,15.0,39.0,高能放电,D2
DGA-0195,80.0,28.0,4.0,15.0,107.0,高能放电,D2
DGA-0196,755.0,229.0,32.0,404.0,460.0,高能放电,D2
DGA-0197,530.0,345.0,85.0,266.0,250.0,高能放电,D2
DGA-0198,310.0,230.0,54.0,610.0,760.0,高能放电,D2
DGA-0199,620.0,325.0,38.0,181.0,244.0,高能放电,D2
DGA-0200,4906.0,8784.0,1404.0,9924.0,9671.0,高能放电,D2
DGA-0201,85.0,98.0,315.0,30.0,0.0001,低温过热,T1
DGA-0202,12.0,28.0,102.0,3.0,0.0001,低温过热,T1
DGA-0203,36.0,167.0,230.0,18.0,0.0001,低温过热,T1
DGA-0204,24.0,47.0,113.0,10.0,0.0001,低温过热,T1
DGA-0205,54.9,8.8,80.0,2.5,0.0001,低温过热,T1
DGA-0206,112.0,68.0,136.0,9.0,0.0001,低温过热,T1
DGA-0207,7.0,15.0,78.0,58.0,0.0001,低温过热,T1
DGA-0208,219.0,44.0,3.0,3.0,0.0001,低温过热,T1
DGA-0209,39.4,65.2,103.9,8.1,0.0001,低温过热,T1
DGA-0210,95.0,110.0,160.0,50.0,0.0001,低温过热,T1
DGA-0211,0.0001,153.0,395.0,11.7,0.0001,低温过热,T1
DGA-0212,121.0,73.0,179.0,11.0,0.0001,低温过热,T1
DGA-0213,74.0,173.0,263.0,33.0,0.0001,低温过热,T1
DGA-0214,13.0,59.0,117.0,44.0,0.0001,低温过热,T1
DGA-0215,13.0,138.0,83.0,16.0,0.0001,低温过热,T1
DGA-0216,36.0,21.0,65.0,2.0,0.0001,低温过热,T1
DGA-0217,9.0,56.0,135.0,7.0,1.0,低温过热,T1
DGA-0218,0.0001,187.0,609.0,13.0,0.0001,低温过热,T1
DGA-0219,820.0,1740.0,951.0,867.0,128.0,低温过热,T1
DGA-0220,10.0,56.0,72.0,70.0,0.0001,低温过热,T1
DGA-0221,12.0,18.0,4.0,4.0,0.0001,低温过热,T1
DGA-0222,10.0,26.0,147.0,6.0,0.0001,低温过热,T1
DGA-0223,143.2,123.0,38.0,75.0,0.0001,低温过热,T1
DGA-0224,18.0,30.0,146.0,8.0,0.0001,低温过热,T1
DGA-0225,27.0,28.0,136.0,8.0,0.0001,低温过热,T1
DGA-0226,34.0,8.6,70.3,3.1,0.0001,低温过热,T1
DGA-0227,113.0,137.0,173.0,34.0,0.0001,低温过热,T1
DGA-0228,45.0,125.0,111.0,25.0,0.0001,低温过热,T1
DGA-0229,78.0,66.0,62.0,2.6,0.0001,低温过热,T1
DGA-0230,55.0,22.0,358.0,2.6,0.0001,低温过热,T1
DGA-0231,10.0,63.0,176.0,35.0,0.0001,低温过热,T1
DGA-0232,11.0,271.0,465.0,32.0,0.0001,低温过热,T1
DGA-0233,34.0,30.0,34.0,2.5,0.0001,低温过热,T1
DGA-0234,187.0,86.0,155.0,21.0,6.0,低温过热,T1
DGA-0235,93.5,131.9,39.0,11.7,0.0001,低温过热,T1
DGA-0236,48.0,40.0,11.0,0.5,0.0001,低温过热,T1
DGA-0237,124.0,166.0,87.0,59.0,0.0001,低温过热,T1
DGA-0238,8.0,16.0,88.0,7.0,0.0001,低温过热,T1
DGA-0239,320.0,131.0,187.0,127.0,0.0001,低温过热,T1
DGA-0240,92.0,27.0,67.0,7.0,0.0001,低温过热,T1
DGA-0241,900.0,9180.0,0.0001,900.0,22.0,低温过热,T1
DGA-0242,6.0,197.0,476.9,16.9,0.0001,低温过热,T1
DGA-0243,0.0001,215.0,555.0,18.4,0.0001,低温过热,T1
DGA-0244,78.0,66.0,283.0,2.6,0.0001,低温过热,T1
DGA-0245,130.0,140.0,24.0,120.0,0.0001,低温过热,T1
DGA-0246,10.0,24.0,80.0,5.0,0.0001,低温过热,T1
DGA-0247,0.0001,224.0,0.0001,45.0,0.0001,低温过热,T1
DGA-0248,19.0,48.0,76.0,18.0,0.0001,低温过热,T1
DGA-0249,6.0,38.0,93.0,32.0,0.0001,低温过热,T1
DGA-0250,11.0,46.0,155.0,18.0,0.0001,低温过热,T1
DGA-0251,27.0,49.0,192.0,9.0,0.0001,低温过热,T1
DGA-0252,103.0,74.0,80.0,9.0,0.0001,低温过热,T1
DGA-0253,31.2,8.9,119.0,4.4,0.0001,低温过热,T1
DGA-0254,0.0001,33.7,136.0,11.4,0.0001,低温过热,T1
DGA-0255,6.0,3.0,0.8,0.7,0.0001,低温过热,T1
DGA-0256,181.0,262.0,41.0,28.0,0.0001,低温过热,T1
DGA-0257,14.0,44.0,124.0,7.0,1.0,低温过热,T1
DGA-0258,1.0,27.0,49.0,4.0,1.0,低温过热,T1
DGA-0259,50.0,3.0,1.0,0.0001,0.0001,低温过热,T1
DGA-0260,21.0,14.0,191.0,90.0,0.0001,低温过热,T1
DGA-0261,160.0,130.0,33.0,96.0,0.0001,低温过热,T1
DGA-0262,16.0,68.0,157.0,19.0,0.0001,低温过热,T1
DGA-0263,122.0,161.0,271.0,35.0,0.0001,低温过热,T1
DGA-0264,4.0,99.0,82.0,4.2,0.1,低温过热,T1
DGA-0265,157.0,46.0,76.0,12.0,0.0001,低温过热,T1
DGA-0266,38.0,38.0,296.0,14.0,0.0001,低温过热,T1
DGA-0267,24.7,20.4,117.0,71.0,6.8,低温过热,T1
DGA-0268,74.8,30.1,82.3,13.6,0.0001,低温过热,T1
DGA-0269,33.0,29.0,9.0,12.0,0.0001,低温过热,T1
DGA-0270,74.0,100.0,85.0,17.0,0.0001,低温过热,T1
DGA-0271,5.0,14.0,234.0,5.0,0.0001,低温过热,T1
DGA-0272,181.0,162.0,70.0,132.0,0.0001,低温过热,T1
DGA-0273,36.0,94.0,78.0,13.0,2.0,低温过热,T1
DGA-0274,505.57,475.35,242.3,524.45,3.29,低温过热,T1
DGA-0275,25.0,49.0,42.0,58.0,0.0001,中温过热,T2
DGA-0276,14.0,15.0,42.0,73.0,0.0001,中温过热,T2
DGA-0277,180.0,175.0,75.0,50.0,4.0,中温过热,T2
DGA-0278,59.0,119.0,36.0,70.0,0.0001,中温过热,T2
DGA-0279,185.0,302.0,27.0,33.0,0.0001,中温过热,T2
DGA-0280,1270.0,3450.0,520.0,1390.0,8.0,中温过热,T2
DGA-0281,119.0,670.0,286.0,934.0,19.0,中温过热,T2
DGA-0282,72.0,442.0,221.0,461.0,0.7,中温过热,T2
DGA-0283,16.0,98.0,35.0,64.0,0.0001,中温过热,T2
DGA-0284,41.0,65.0,22.0,58.0,0.0001,中温过热,T2
DGA-0285,110.6,458.8,242.6,406.4,0.0001,中温过热,T2
DGA-0286,200.0,700.0,250.0,740.0,1.0,中温过热,T2
DGA-0287,15.0,159.0,29.0,87.0,0.0001,中温过热,T2
DGA-0288,18.0,63.0,20.0,51.0,0.0001,中温过热,T2
DGA-0289,54.0,143.0,23.0,101.0,0.0001,中温过热,T2
DGA-0290,43.0,116.0,65.0,139.0,0.0001,中温过热,T2
DGA-0291,73.0,177.0,37.0,52.0,0.0001,中温过热,T2
DGA-0292,57.0,141.0,38.0,51.0,0.0001,中温过热,T2
DGA-0293,15.0,139.0,160.0,343.0,0.0001,中温过热,T2
DGA-0294,23.51,61.33,45.21,98.03,1.01,中温过热,T2
DGA-0295,2.0,123.0,7.0,18.0,0.0001,中温过热,T2
DGA-0296,24.0,80.0,258.0,741.0,6.0,中温过热,T2
DGA-0297,613.0,3240.0,1432.0,2788.0,0.0001,中温过热,T2
DGA-0298,109.0,226.0,68.0,192.0,0.0001,中温过热,T2
DGA-0299,35.0,283.0,121.0,222.0,0.0001,中温过热,T2
DGA-0300,2.0,5.0,81.0,172.0,0.0001,中温过热,T2
DGA-0301,30.4,117.0,44.2,138.0,0.1,中温过热,T2
DGA-0302,0.0001,6.0,52.0,67.0,0.0001,中温过热,T2
DGA-0303,2004.0,9739.0,2750.0,5113.0,0.0001,中温过热,T2
DGA-0304,31.0,63.0,246.0,714.0,7.0,中温过热,T2
DGA-0305,26.0,398.0,85.0,319.0,0.0001,中温过热,T2
DGA-0306,152.0,32.0,28.0,55.0,0.0001,中温过热,T2
DGA-0307,300.0,490.0,180.0,360.0,95.0,中温过热,T2
DGA-0308,960.0,4000.0,1290.0,1560.0,6.0,中温过热,T2
DGA-0309,0.67,0.224,0.045,0.067,0.002,中温过热,T2
DGA-0310,0.0001,4.9,81.0,172.0,0.0001,中温过热,T2
DGA-0311,24.0,34.6,14.2,21.7,0.0001,中温过热,T2
DGA-0312,220.0,340.0,42.0,480.0,14.0,高温过热,T3
DGA-0313,290.0,966.0,299.0,1810.0,57.0,高温过热,T3
DGA-0314,8800.0,64064.0,72128.0,95650.0,0.0001,高温过热,T3
DGA-0315,39.0,525.0,538.0,2925.0,16.0,高温过热,T3
DGA-0316,290.0,1260.0,231.0,820.0,8.0,高温过热,T3
DGA-0317,0.0001,153.0,130.0,677.0,13.0,高温过热,T3
DGA-0318,15.55,7.4,7.4,41.93,6.35,高温过热,T3
DGA-0319,35.1,50.6,16.1,93.0,1.1,高温过热,T3
DGA-0320,0.0001,28.0,64.0,408.0,6.0,高温过热,T3
DGA-0321,156.0,240.0,54.0,399.0,0.98,高温过热,T3
DGA-0322,89.0,281.0,145.0,1216.0,22.0,高温过热,T3
DGA-0323,1100.0,1600.0,221.0,2010.0,26.0,高温过热,T3
DGA-0324,0.0001,0.0001,9.0,57.0,0.0001,高温过热,T3
DGA-0325,137.0,369.0,144.0,1242.0,16.0,高温过热,T3
DGA-0326,425.0,17424.0,7299.0,37043.0,158.0,高温过热,T3
DGA-0327,30.0,25.5,31.5,93.0,1.8,高温过热,T3
DGA-0328,107.0,143.0,34.0,222.0,2.0,高温过热,T3
DGA-0329,860.0,1670.0,30.0,2050.0,40.0,高温过热,T3
DGA-0330,0.0001,106.0,170.0,871.0,6.0,高温过热,T3
DGA-0331,8.0,1.0,0.0001,60.0,0.0001,高温过热,T3
DGA-0332,53.0,150.0,64.0,379.0,0.0001,高温过热,T3
DGA-0333,400.0,940.0,210.0,820.0,24.0,高温过热,T3
DGA-0334,199.0,770.0,217.0,1508.0,72.0,高温过热,T3
DGA-0335,244.0,754.0,172.0,1281.0,27.0,高温过热,T3
DGA-0336,60.0,144.0,67.0,449.0,9.0,高温过热,T3
DGA-0337,6709.0,10500.0,1400.0,17700.0,750.0,高温过热,T3
DGA-0338,86.0,277.0,63.0,338.0,0.0001,高温过热,T3
DGA-0339,7.0,31.0,23.0,148.0,0.0001,高温过热,T3
DGA-0340,300.0,700.0,280.0,1700.0,36.0,高温过热,T3
DGA-0341,20.0,26.0,6.0,55.0,0.0001,高温过热,T3
DGA-0342,3910.0,4290.0,626.0,6040.0,1230.0,高温过热,T3
DGA-0343,23.0,14151.0,5332.0,23264.0,0.0001,高温过热,T3
DGA-0344,135.65,278.53,58.86,492.0,2.95,高温过热,T3
DGA-0345,9.0,47.0,144.0,628.0,0.0001,高温过热,T3
DGA-0346,8.0,88.0,45.0,252.0,0.0001,高温过热,T3
DGA-0347,179.0,306.0,73.0,579.0,0.0001,高温过热,T3
DGA-0348,80.0,619.0,326.0,2480.0,0.0001,高温过热,T3
DGA-0349,416.0,695.0,74.0,867.0,0.0001,高温过热,T3
DGA-0350,19.3,103.0,159.0,19.0,0.6,高温过热,T3
DGA-0351,137.0,279.0,66.0,505.0,0.0001,高温过热,T3
DGA-0352,12705.0,23498.0,6047.0,34257.0,5188.0,高温过热,T3
DGA-0353,46.0,147.0,27.0,150.0,0.0001,高温过热,T3
DGA-0354,21.0,42.0,4.0,92.0,0.0001,高温过热,T3
DGA-0355,165.62,240.95,61.32,514.53,13.53,高温过热,T3
DGA-0356,39.0,7.0,12.0,65.0,0.0001,高温过热,T3
DGA-0357,86.0,480.0,155.0,644.0,9.0,高温过热,T3
DGA-0358,68.0,99.2,35.9,202.9,0.0001,高温过热,T3
DGA-0359,172.9,334.0,172.0,812.5,37.7,高温过热,T3
DGA-0360,164.0,244.0,103.0,497.0,8.3,高温过热,T3
DGA-0361,20.0,48.0,36.0,186.0,0.0001,高温过热,T3
DGA-0362,0.0001,0.0001,0.0001,142.0,0.0001,高温过热,T3
DGA-0363,63.0,149.6,57.5,276.0,0.0001,高温过热,T3
DGA-0364,121.0,450.0,146.0,898.0,116.0,高温过热,T3
DGA-0365,30.0,51.0,12.0,54.0,0.0001,高温过热,T3
DGA-0366,22400.0,22400.0,2690.0,13440.0,1570.0,高温过热,T3
DGA-0367,36.0,30.0,10.0,93.0,7.1,高温过热,T3
DGA-0368,17.0,40.0,11.0,86.0,0.0001,高温过热,T3
DGA-0369,0.0001,3.4,0.0001,54.0,0.0001,高温过热,T3
DGA-0370,18.0,35.0,2.0,110.0,0.0001,高温过热,T3
DGA-0371,35.0,29.0,7.0,78.0,0.0001,高温过热,T3
DGA-0372,6.0,2990.0,29990.0,26076.0,67.0,高温过热,T3
DGA-0373,236.0,410.2,159.0,817.3,3.5,高温过热,T3
DGA-0374,0.0001,100.0,309.0,1365.0,7.0,高温过热,T3
DGA-0375,173.0,334.0,172.0,812.5,37.7,高温过热,T3
DGA-0376,110.0,7.0,0.0001,0.0001,0.0001,局部放电,PD
DGA-0377,5000.0,4000.0,2000.0,2000.0,8000.0,局部放电,PD
DGA-0378,94.96,4.37,0.62,0.02,0.02,局部放电,PD
DGA-0379,41.0,112.0,0.0001,254.0,4536.0,局部放电,PD
DGA-0380,100.0,18.0,0.0001,0.0001,0.0001,局部放电,PD
DGA-0381,37800.0,1740.0,249.0,8.0,8.0,局部放电,PD
DGA-0382,103.5,4.7,16.3,3.5,0.0001,局部放电,PD
DGA-0383,200.0,230.0,2.0,170.0,480.0,局部放电,PD
DGA-0384,40280.0,1069.0,1060.0,1.0,1.0,局部放电,PD
DGA-0385,116.0,14.0,134.0,5.3,0.0001,局部放电,PD
DGA-0386,88.0,9.0,0.0001,0.03,0.0001,局部放电,PD
DGA-0387,105.0,23.0,13.0,4.0,3.0,局部放电,PD
DGA-0388,625.0,49.0,9.0,7.0,0.6,局部放电,PD
DGA-0389,134.0,13.0,267.0,0.0001,0.0001,局部放电,PD
DGA-0390,181.5,22.0,76.0,3.7,0.0001,局部放电,PD
DGA-0391,121.0,3.0,1.0,0.0001,0.0001,局部放电,PD
DGA-0392,16000.0,3600.0,670.0,14.0,0.0001,局部放电,PD
DGA-0393,890.0,110.0,3.0,84.0,700.0,局部放电,PD
DGA-0394,2091.0,149.0,20.0,3.0,0.0001,局部放电,PD
DGA-0395,26788.0,18342.0,2111.0,27.0,0.0001,局部放电,PD
DGA-0396,1950.0,123.0,38.0,2.0,2.0,局部放电,PD
DGA-0397,650.0,53.0,35.0,20.0,0.0001,局部放电,PD
DGA-0398,92.8,6.75,0.44,0.0001,0.0001,局部放电,PD
DGA-0399,187.0,5.0,1.0,0.0001,0.0001,局部放电,PD
DGA-0400,111.7,19.4,104.1,6.4,3.8,局部放电,PD
DGA-0401,85.87,7.01,4.49,2.64,0.0001,局部放电,PD
DGA-0402,195.0,5.3,0.0001,0.0001,0.0001,局部放电,PD
DGA-0403,60.0,5.0,1.0,6.0,29.0,局部放电,PD
DGA-0404,2240.0,360.0,25.0,169.0,828.0,局部放电,PD
DGA-0405,720.0,7.0,0.0001,15.0,101.0,低能放电,D1
DGA-0406,109.0,19.0,5.0,12.0,59.0,低能放电,D1
DGA-0407,169.0,38.0,48.5,6.5,5.8,低能放电,D1
DGA-0408,14.1,4.0,1.3,1.5,9.5,低能放电,D1
DGA-0409,124.0,14.0,4.0,0.0001,13.0,低能放电,D1
DGA-0410,174.0,27.0,6.0,12.0,29.0,低能放电,D1
DGA-0411,179.0,39.3,64.0,654.0,168.0,低能放电,D1
DGA-0412,4.0,1.0,2.0,7.0,52.0,低能放电,D1
DGA-0413,1330.0,10.0,20.0,66.0,182.0,低能放电,D1
DGA-0414,137.0,33.0,8.0,29.0,111.0,低能放电,D1
DGA-0415,595.0,32.0,4.0,18.0,65.0,低能放电,D1
DGA-0416,56.0,334.1,75.0,32.0,31.0,低能放电,D1
DGA-0417,716.0,7.1,33.0,20.0,6.8,低能放电,D1
DGA-0418,4230.0,690.0,5.0,196.0,1180.0,低能放电,D1
DGA-0419,142.0,17.0,4.0,7.0,38.0,低能放电,D1
DGA-0420,163.0,26.0,7.0,19.0,133.0,低能放电,D1
DGA-0421,549.0,121.3,25.5,31.9,198.5,低能放电,D1
DGA-0422,476.0,28.0,27.0,36.0,148.0,低能放电,D1
DGA-0423,345.0,112.3,27.5,51.5,58.8,低能放电,D1
DGA-0424,234.5,30.28,6.11,47.69,175.88,低能放电,D1
DGA-0425,153.0,18.0,9.0,0.0001,11.0,低能放电,D1
DGA-0426,1230.0,163.0,27.0,233.0,692.0,低能放电,D1
DGA-0427,111.0,2.8,47.0,0.0001,27.5,低能放电,D1
DGA-0428,500.0,97.0,193.0,40.0,121.0,低能放电,D1
DGA-0429,1000.0,500.0,1.0,400.0,500.0,低能放电,D1
DGA-0430,595.0,80.0,9.0,89.0,244.0,低能放电,D1
DGA-0431,102.0,6.0,6.0,7.0,10.0,低能放电,D1
DGA-0432,315.0,60.0,14.0,93.0,218.0,低能放电,D1
DGA-0433,67.8,8.89,1.88,12.67,36.2,低能放电,D1
DGA-0434,95.0,10.0,0.0001,11.0,39.0,低能放电,D1
DGA-0435,4127.0,267.0,18.0,355.0,2060.0,低能放电,D1
DGA-0436,1570.0,735.0,87.0,1330.0,1740.0,高能放电,D2
DGA-0437,800.0,1393.0,304.0,2817.0,3000.0,高能放电,D2
DGA-0438,29.1,11.4,1.41,20.34,37.6,高能放电,D2
DGA-0439,245.0,120.0,18.0,131.0,167.0,高能放电,D2
DGA-0440,61.0,21.0,2.0,26.0,89.0,高能放电,D2
DGA-0441,99.0,170.0,20.0,200.0,190.0,高能放电,D2
DGA-0442,243.0,127.0,20.0,122.0,588.0,高能放电,D2
DGA-0443,2850.0,1115.0,138.0,1987.0,3675.0,高能放电,D2
DGA-0444,512.0,87.0,11.5,163.59,185.21,高能放电,D2
DGA-0445,235.46,333.59,177.52,1201.85,148.87,高能放电,D2
DGA-0446,120.0,31.0,0.0001,66.0,94.0,高能放电,D2
DGA-0447,615.0,200.0,42.0,102.0,68.0,高能放电,D2
DGA-0448,24.0,13.0,5.0,43.0,319.0,高能放电,D2
DGA-0449,56.0,10.0,1.3,13.5,17.6,高能放电,D2
DGA-0450,85.0,49.0,4.0,50.0,399.0,高能放电,D2
DGA-0451,5900.0,1500.0,68.0,1200.0,800.0,高能放电,D2
DGA-0452,34.0,21.0,4.0,49.0,56.0,高能放电,D2
DGA-0453,475.3,195.8,32.6,187.3,221.2,高能放电,D2
DGA-0454,191.0,62.0,27.0,123.0,71.0,高能放电,D2
DGA-0455,8200.0,3790.0,250.0,4620.0,5830.0,高能放电,D2
DGA-0456,0.0001,0.0001,10.0,5.0,35.0,高能放电,D2
DGA-0457,530.0,345.0,85.0,266.0,21.0,高能放电,D2
DGA-0458,4.0,88.0,213.0,14.0,35.0,高能放电,D2
DGA-0459,59.0,20.0,120.0,5.5,8.9,高能放电,D2
DGA-0460,810.0,580.0,111.0,570.0,490.0,高能放电,D2
DGA-0461,65.4,20.2,70.0,39.0,40.2,高能放电,D2
DGA-0462,60.0,40.0,6.9,110.0,70.0,高能放电,D2
DGA-0463,84.0,6.0,1.0,14.0,86.0,高能放电,D2
DGA-0464,145.88,40.65,9.37,34.02,59.71,高能放电,D2
DGA-0465,5000.0,1200.0,83.0,1000.0,1100.0,高能放电,D2
DGA-0466,20000.0,13000.0,1850.0,29000.0,57000.0,高能放电,D2
DGA-0467,10000.0,6730.0,345.0,7330.0,10400.0,高能放电,D2
DGA-0468,420.0,250.0,41.0,530.0,800.0,高能放电,D2
DGA-0469,70.0,4.0,91.0,0.0001,34.0,高能放电,D2
DGA-0470,47.0,9.0,4.0,16.0,81.0,高能放电,D2
DGA-0471,5100.0,1430.0,0.0001,1140.0,1010.0,高能放电,D2
DGA-0472,535.0,160.0,16.0,305.0,680.0,高能放电,D2
DGA-0473,41.0,16.0,19.0,58.0,106.0,高能放电,D2
DGA-0474,65.0,26.1,10.1,41.6,57.8,高能放电,D2
DGA-0475,545.0,130.0,16.0,153.0,239.0,高能放电,D2
DGA-0476,34.0,0.0001,0.0001,0.0001,44.0,高能放电,D2
DGA-0477,57.0,15.0,3.1,23.0,25.3,高能放电,D2
DGA-0478,161.0,38.0,210.0,13.0,0.0001,低温过热,T1
DGA-0479,9.0,38.0,93.0,8.0,0.0001,低温过热,T1
DGA-0480,55.0,22.0,0.5,2.6,0.0001,低温过热,T1
DGA-0481,15.0,7.0,92.0,5.0,0.0001,低温过热,T1
DGA-0482,14.0,14.0,124.0,7.0,1.0,低温过热,T1
DGA-0483,625.0,130.0,47.0,2.0,0.0001,低温过热,T1
DGA-0484,29.0,71.0,158.0,20.0,0.0001,低温过热,T1
DGA-0485,17.0,21.0,118.0,0.0001,4.0,低温过热,T1
DGA-0486,115.0,129.0,316.0,36.0,0.0001,低温过热,T1
DGA-0487,13.2,18.7,97.4,79.5,4.7,低温过热,T1
DGA-0488,10.0,44.0,106.0,28.0,0.0001,低温过热,T1
DGA-0489,27.0,30.0,23.0,2.4,0.1,低温过热,T1
DGA-0490,20.0,132.0,61.0,17.0,0.0001,低温过热,T1
DGA-0491,42.0,124.0,1.0,8.0,0.0001,低温过热,T1
DGA-0492,24.0,109.0,69.0,0.0001,0.0001,低温过热,T1
DGA-0493,16.0,68.0,124.0,15.0,0.0001,低温过热,T1
DGA-0494,16.4,45.5,68.7,3.8,0.0001,低温过热,T1
DGA-0495,37.0,47.0,10.0,5.5,0.0001,低温过热,T1
DGA-0496,86.0,8.0,2.5,2.5,0.0001,低温过热,T1
DGA-0497,29.9,24.1,34.3,92.5,0.6,低温过热,T1
DGA-0498,16.0,80.0,134.0,10.0,0.0001,低温过热,T1
DGA-0499,66.0,60.0,2.0,7.0,0.0001,低温过热,T1
DGA-0500,0.0001,43.0,146.0,9.0,0.0001,低温过热,T1
DGA-0501,87.2,73.18,27.14,56.88,0.0001,低温过热,T1
DGA-0502,128.0,35.0,213.0,17.0,0.0001,低温过热,T1
DGA-0503,14.0,62.0,16.0,3.0,0.0001,低温过热,T1
DGA-0504,37.0,123.0,67.0,52.0,0.0001,低温过热,T1
DGA-0505,130.0,140.0,2.0,120.0,0.0001,低温过热,T1
DGA-0506,43.0,28.0,72.0,9.0,0.0001,低温过热,T1
DGA-0507,16.0,105.0,224.0,15.0,0.0001,低温过热,T1
DGA-0508,19.0,62.0,95.0,5.0,0.0001,低温过热,T1
DGA-0509,79.0,40.0,264.0,10.0,0.0001,低温过热,T1
DGA-0510,69.0,174.0,267.0,15.0,0.0001,低温过热,T1
DGA-0511,137.0,97.0,12.0,29.0,1.5,低温过热,T1
DGA-0512,111.0,67.0,105.0,9.0,0.0001,低温过热,T1
DGA-0513,0.0001,116.0,70.0,0.0001,0.0001,低温过热,T1
DGA-0514,25.0,29.0,137.0,8.0,0.0001,低温过热,T1
DGA-0515,20.37,59.79,45.24,80.49,0.0001,中温过热,T2
DGA-0516,19.0,47.0,27.0,62.0,0.0001,中温过热,T2
DGA-0517,88.7,460.8,94.9,184.6,18.3,中温过热,T2
DGA-0518,24.0,78.0,266.0,779.0,7.0,中温过热,T2
DGA-0519,0.7,1.5,0.3,1.8,0.0001,中温过热,T2
DGA-0520,360.0,610.0,259.0,260.0,9.0,中温过热,T2
DGA-0521,31.0,56.0,33.0,77.0,0.0001,中温过热,T2
DGA-0522,24700.0,61000.0,26300.0,42100.0,1560.0,中温过热,T2
DGA-0523,62.0,425.0,276.0,651.0,26.0,中温过热,T2
DGA-0524,295.0,1466.0,331.0,1295.0,32.0,中温过热,T2
DGA-0525,109.0,102.0,28.0,91.0,0.0001,中温过热,T2
DGA-0526,47.0,120.0,90.0,198.0,3.0,中温过热,T2
DGA-0527,144.0,1672.0,394.0,669.0,0.0001,中温过热,T2
DGA-0528,3.0,5.0,90.0,185.0,3.0,中温过热,T2
DGA-0529,20.0,41.9,20.2,44.2,0.38,中温过热,T2
DGA-0530,50.0,274.0,95.0,320.0,6.3,中温过热,T2
DGA-0531,151.0,242.0,68.0,232.0,0.0001,中温过热,T2
DGA-0532,46.9,161.6,94.1,193.6,0.56,中温过热,T2
DGA-0533,37.0,96.0,19.0,57.0,0.0001,中温过热,T2
DGA-0534,670.0,224.0,45.0,67.0,2.0,中温过热,T2
DGA-0535,27.0,90.0,42.0,63.0,0.2,中温过热,T2
DGA-0536,128.0,419.0,269.5,614.1,0.35,中温过热,T2
DGA-0537,160.0,130.0,33.0,96.0,0.1,中温过热,T2
DGA-0538,172.0,335.0,171.0,812.0,37.8,高温过热,T3
DGA-0539,1.0,8.0,8.0,100.0,6.0,高温过热,T3
DGA-0540,507.0,1053.0,297.0,1440.0,17.0,高温过热,T3
DGA-0541,24.0,20.0,4.0,87.0,0.0001,高温过热,T3
DGA-0542,65.0,34.0,16.0,112.0,0.0001,高温过热,T3
DGA-0543,4.0,2.0,1.0,63.0,0.0001,高温过热,T3
DGA-0544,114.0,241.0,80.0,574.0,0.0001,高温过热,T3
DGA-0545,117.0,167.0,48.0,481.0,7.0,高温过热,T3
DGA-0546,11.0,13.0,2.0,127.0,0.0001,高温过热,T3
DGA-0547,55.0,159.0,114.0,493.0,0.0001,高温过热,T3
DGA-0548,1550.0,2740.0,816.0,5450.0,184.0,高温过热,T3
DGA-0549,78.0,161.0,86.0,353.0,10.0,高温过热,T3
DGA-0550,33.0,79.0,30.0,215.0,5.0,高温过热,T3
DGA-0551,170.0,320.0,53.0,520.0,3.2,高温过热,T3
DGA-0552,10.0,4.0,1.0,87.0,0.0001,高温过热,T3
DGA-0553,2500.0,10500.0,4790.0,13500.0,6.0,高温过热,T3
DGA-0554,56.0,286.0,96.0,928.0,7.0,高温过热,T3
DGA-0555,53.0,189.0,25.0,295.0,5.0,高温过热,T3
DGA-0556,0.0001,10.0,17.0,68.0,5.0,高温过热,T3
DGA-0557,150.0,22.0,9.0,60.0,11.0,高温过热,T3
DGA-0558,99.0,288.0,73.0,386.0,0.0001,高温过热,T3
DGA-0559,27.0,51.0,0.0001,153.0,0.0001,高温过热,T3
DGA-0560,480.0,1075.0,298.0,1132.0,0.0001,高温过热,T3
DGA-0561,376.0,575.0,146.0,1092.0,0.0001,高温过热,T3
DGA-0562,100.0,200.0,110.0,670.0,11.0,高温过热,T3
DGA-0563,231.0,3997.0,1726.0,5584.0,0.0001,高温过热,T3
DGA-0564,12.0,270.0,0.0001,275.0,0.0001,高温过热,T3
DGA-0565,8.47,28.22,8.73,52.89,1.66,高温过热,T3
DGA-0566,1860.0,4980.0,0.0001,10700.0,1600.0,高温过热,T3
DGA-0567,28.0,62.0,16.0,76.0,0.0001,高温过热,T3
DGA-0568,22.4,22.4,2.69,13.44,1.57,高温过热,T3
DGA-0569,191.0,1359.0,166.0,1494.0,2.0,高温过热,T3
DGA-0570,50.0,100.0,51.0,305.0,9.0,高温过热,T3
DGA-0571,3420.0,7870.0,1500.0,6990.0,33.0,高温过热,T3
DGA-0572,65.0,61.0,16.0,143.0,3.0,高温过热,T3
DGA-0573,16.0,87.0,75.0,395.0,30.0,高温过热,T3
DGA-0574,1374.0,2648.0,628.0,5376.0,298.0,高温过热,T3
DGA-0575,135.88,362.42,125.22,826.65,3.74,高温过热,T3
DGA-0576,34.0,174.0,52.0,361.0,0.0001,高温过热,T3
DGA-0577,3675.0,6392.0,2500.0,7691.0,5.0,高温过热,T3
