accuracy,balanced_accuracy,macro_f1
0.8172043010752689,0.7854518267561748,0.7981370726468766
0.8369565217391305,0.8198670586778003,0.8278880070546736
0.8586956521739131,0.8625015223480696,0.854093289489709
0.8260869565217391,0.794217668402451,0.7957735574568604
0.8152173913043478,0.8093399052638183,0.8026351549556269
0.8279569892473119,0.8148734944131365,0.8206635828374959
0.8695652173913043,0.8672736281431934,0.8641479779173764
0.8586956521739131,0.8323894775301426,0.8436973048737754
0.8260869565217391,0.8060085848129326,0.811348445219413
0.8043478260869565,0.7760255243950896,0.7881209319918998
0.8279569892473119,0.821824197399645,0.8178615587311239
0.7934782608695652,0.7788306701350179,0.7689225303274113
0.8260869565217391,0.8106503470953598,0.8140601435344865
0.7934782608695652,0.7430559476755129,0.75065174893235
0.8369565217391305,0.8355587447978752,0.8325510048277697
0.7956989247311828,0.755396862302233,0.7569924628748157
0.8043478260869565,0.8004094986192172,0.8009786292139234
0.7391304347826086,0.7148777385350277,0.7084981114153625
0.8152173913043478,0.7992492209883514,0.794697510951381
0.8913043478260869,0.875138679758245,0.8776690202196199
0.8494623655913979,0.8306274288371475,0.8324675324675326
0.8695652173913043,0.8622232058932827,0.8666992656466341
0.8043478260869565,0.7602995304401955,0.7702947845804989
0.8260869565217391,0.8223007769203422,0.8142688032659873
0.8043478260869565,0.7870244891984023,0.7911917709724179
